<?xml version="1.0" encoding="UTF-8"?><mdb:MD_Metadata xmlns:msr="http://standards.iso.org/iso/19115/-3/msr/1.0" xmlns:cit="http://standards.iso.org/iso/19115/-3/cit/1.0" xmlns:mex="http://standards.iso.org/iso/19115/-3/mex/1.0" xmlns:gcx="http://standards.iso.org/iso/19115/-3/gcx/1.0" xmlns:mmi="http://standards.iso.org/iso/19115/-3/mmi/1.0" xmlns:mac="http://standards.iso.org/iso/19115/-3/mac/1.0" xmlns:esri="http://www.esri.com/metadata/" xmlns:mdb="http://standards.iso.org/iso/19115/-3/mdb/1.0" xmlns:mda="http://standards.iso.org/iso/19115/-3/mda/1.0" xmlns:xsi="http://www.w3.org/2001/XMLSchema-instance" xmlns:mpc="http://standards.iso.org/iso/19115/-3/mpc/1.0" xmlns:cat="http://standards.iso.org/iso/19115/-3/cat/1.0" xmlns:gco="http://standards.iso.org/iso/19115/-3/gco/1.0" xmlns:xlink="http://www.w3.org/1999/xlink" xmlns:lan="http://standards.iso.org/iso/19115/-3/lan/1.0" xmlns:t="http://www.esri.com/xslt/translator" xmlns:mco="http://standards.iso.org/iso/19115/-3/mco/1.0" xmlns:mrs="http://standards.iso.org/iso/19115/-3/mrs/1.0" xmlns:dqc="http://standards.iso.org/iso/19157/-2/dqc/1.0" xmlns:gml="http://www.opengis.net/gml/3.2" xmlns:mrl="http://standards.iso.org/iso/19115/-3/mrl/1.0" xmlns:gex="http://standards.iso.org/iso/19115/-3/gex/1.0" xmlns:mdt="http://standards.iso.org/iso/19115/-3/mdt/1.0" xmlns:mri="http://standards.iso.org/iso/19115/-3/mri/1.0" xmlns:mas="http://standards.iso.org/iso/19115/-3/mas/1.0" xmlns:mds="http://standards.iso.org/iso/19115/-3/mds/1.0" xmlns:mcc="http://standards.iso.org/iso/19115/-3/mcc/1.0" xmlns:srv="http://standards.iso.org/iso/19115/-3/srv/2.0" xmlns:mdq="http://standards.iso.org/iso/19157/-2/mdq/1.0" xmlns:mrd="http://standards.iso.org/iso/19115/-3/mrd/1.0" xmlns:res="http://www.esri.com/metadata/res/" xmlns:mrc="http://standards.iso.org/iso/19115/-3/mrc/1.0">
    <mdb:metadataScope>
        <mdb:MD_MetadataScope>
            <mdb:resourceScope>
                <MD_ScopeCode codeList="standards.iso.org/19115/-3/lan/1.0/codelists.xml#MD_ScopeCode" codeListValue="dataset">dataset</MD_ScopeCode>
            </mdb:resourceScope>
        </mdb:MD_MetadataScope>
    </mdb:metadataScope>
    <mdb:contact gco:nilReason="missing"/>
    <mdb:dateInfo gco:nilReason="missing"/>
    <mdb:metadataStandard>
        <cit:CI_Citation>
            <cit:title>
                <gco:CharacterString>ISO 19115-3 Geographic Information - Metadata - Part 1: Fundamentals</gco:CharacterString>
            </cit:title>
            <cit:edition>
                <gco:CharacterString>2014</gco:CharacterString>
            </cit:edition>
        </cit:CI_Citation>
    </mdb:metadataStandard>
    <mdb:identificationInfo>
        <mri:MD_DataIdentification>
            <mri:citation>
                <cit:CI_Citation>
                    <cit:title>
                        <gco:CharacterString>CTDOT Office of the State Traffic Administration (OSTA)</gco:CharacterString>
                    </cit:title>
                </cit:CI_Citation>
            </mri:citation>
            <mri:abstract gco:nilReason="missing"/>
            <mri:purpose>
                <gco:CharacterString>This service represents CTDOT OSTA layers available for use with GIS. </gco:CharacterString>
            </mri:purpose>
            <mri:extent>
                <gex:EX_Extent>
                    <gex:geographicElement>
                        <gex:EX_GeographicBoundingBox>
                            <gex:westBoundLongitude>
                                <gco:Decimal>-73.7324916758524</gco:Decimal>
                            </gex:westBoundLongitude>
                            <gex:eastBoundLongitude>
                                <gco:Decimal>-71.7821633174169</gco:Decimal>
                            </gex:eastBoundLongitude>
                            <gex:southBoundLatitude>
                                <gco:Decimal>40.9936801205532</gco:Decimal>
                            </gex:southBoundLatitude>
                            <gex:northBoundLatitude>
                                <gco:Decimal>42.0524154674083</gco:Decimal>
                            </gex:northBoundLatitude>
                        </gex:EX_GeographicBoundingBox>
                    </gex:geographicElement>
                </gex:EX_Extent>
            </mri:extent>
            <mri:descriptiveKeywords>
                <mri:MD_Keywords>
                    <mri:keyword>
                        <gco:CharacterString>Connecticut</gco:CharacterString>
                    </mri:keyword>
                    <mri:keyword>
                        <gco:CharacterString>CTDOT</gco:CharacterString>
                    </mri:keyword>
                    <mri:keyword>
                        <gco:CharacterString>OSTA</gco:CharacterString>
                    </mri:keyword>
                    <mri:keyword>
                        <gco:CharacterString>major traffic generators</gco:CharacterString>
                    </mri:keyword>
                    <mri:keyword>
                        <gco:CharacterString>speed limits</gco:CharacterString>
                    </mri:keyword>
                    <mri:keyword>
                        <gco:CharacterString>school zones</gco:CharacterString>
                    </mri:keyword>
                    <mri:keyword>
                        <gco:CharacterString>no thru trucks</gco:CharacterString>
                    </mri:keyword>
                    <mri:keyword>
                        <gco:CharacterString>CT</gco:CharacterString>
                    </mri:keyword>
                    <mri:keyword>
                        <gco:CharacterString>parkway restrictions</gco:CharacterString>
                    </mri:keyword>
                    <mri:keyword>
                        <gco:CharacterString>open data</gco:CharacterString>
                    </mri:keyword>
                </mri:MD_Keywords>
            </mri:descriptiveKeywords>
            <mri:descriptiveKeywords>
                <mri:MD_Keywords>
                    <mri:keyword>
                        <gco:CharacterString>Connecticut</gco:CharacterString>
                    </mri:keyword>
                    <mri:keyword>
                        <gco:CharacterString>CTDOT</gco:CharacterString>
                    </mri:keyword>
                    <mri:keyword>
                        <gco:CharacterString>OSTA</gco:CharacterString>
                    </mri:keyword>
                    <mri:keyword>
                        <gco:CharacterString>major traffic generators</gco:CharacterString>
                    </mri:keyword>
                    <mri:keyword>
                        <gco:CharacterString>speed limits</gco:CharacterString>
                    </mri:keyword>
                    <mri:keyword>
                        <gco:CharacterString>school zones</gco:CharacterString>
                    </mri:keyword>
                    <mri:keyword>
                        <gco:CharacterString>no thru trucks</gco:CharacterString>
                    </mri:keyword>
                    <mri:keyword>
                        <gco:CharacterString>CT</gco:CharacterString>
                    </mri:keyword>
                    <mri:keyword>
                        <gco:CharacterString>parkway restrictions</gco:CharacterString>
                    </mri:keyword>
                    <mri:keyword>
                        <gco:CharacterString>open data</gco:CharacterString>
                    </mri:keyword>
                </mri:MD_Keywords>
            </mri:descriptiveKeywords>
            <mri:descriptiveKeywords>
                <mri:MD_Keywords>
                    <mri:keyword>
                        <gco:CharacterString>Connecticut</gco:CharacterString>
                    </mri:keyword>
                    <mri:keyword>
                        <gco:CharacterString>CTDOT</gco:CharacterString>
                    </mri:keyword>
                    <mri:keyword>
                        <gco:CharacterString>OSTA</gco:CharacterString>
                    </mri:keyword>
                    <mri:keyword>
                        <gco:CharacterString>major traffic generators</gco:CharacterString>
                    </mri:keyword>
                    <mri:keyword>
                        <gco:CharacterString>speed limits</gco:CharacterString>
                    </mri:keyword>
                    <mri:keyword>
                        <gco:CharacterString>school zones</gco:CharacterString>
                    </mri:keyword>
                    <mri:keyword>
                        <gco:CharacterString>no thru trucks</gco:CharacterString>
                    </mri:keyword>
                    <mri:keyword>
                        <gco:CharacterString>CT</gco:CharacterString>
                    </mri:keyword>
                    <mri:keyword>
                        <gco:CharacterString>parkway restrictions</gco:CharacterString>
                    </mri:keyword>
                    <mri:keyword>
                        <gco:CharacterString>open data</gco:CharacterString>
                    </mri:keyword>
                </mri:MD_Keywords>
            </mri:descriptiveKeywords>
            <mri:descriptiveKeywords>
                <mri:MD_Keywords>
                    <mri:keyword>
                        <gco:CharacterString>Connecticut</gco:CharacterString>
                    </mri:keyword>
                    <mri:keyword>
                        <gco:CharacterString>CTDOT</gco:CharacterString>
                    </mri:keyword>
                    <mri:keyword>
                        <gco:CharacterString>OSTA</gco:CharacterString>
                    </mri:keyword>
                    <mri:keyword>
                        <gco:CharacterString>major traffic generators</gco:CharacterString>
                    </mri:keyword>
                    <mri:keyword>
                        <gco:CharacterString>speed limits</gco:CharacterString>
                    </mri:keyword>
                    <mri:keyword>
                        <gco:CharacterString>school zones</gco:CharacterString>
                    </mri:keyword>
                    <mri:keyword>
                        <gco:CharacterString>no thru trucks</gco:CharacterString>
                    </mri:keyword>
                    <mri:keyword>
                        <gco:CharacterString>CT</gco:CharacterString>
                    </mri:keyword>
                    <mri:keyword>
                        <gco:CharacterString>parkway restrictions</gco:CharacterString>
                    </mri:keyword>
                    <mri:keyword>
                        <gco:CharacterString>open data</gco:CharacterString>
                    </mri:keyword>
                </mri:MD_Keywords>
            </mri:descriptiveKeywords>
            <mri:descriptiveKeywords>
                <mri:MD_Keywords>
                    <mri:keyword>
                        <gco:CharacterString>Connecticut</gco:CharacterString>
                    </mri:keyword>
                    <mri:keyword>
                        <gco:CharacterString>CTDOT</gco:CharacterString>
                    </mri:keyword>
                    <mri:keyword>
                        <gco:CharacterString>OSTA</gco:CharacterString>
                    </mri:keyword>
                    <mri:keyword>
                        <gco:CharacterString>major traffic generators</gco:CharacterString>
                    </mri:keyword>
                    <mri:keyword>
                        <gco:CharacterString>speed limits</gco:CharacterString>
                    </mri:keyword>
                    <mri:keyword>
                        <gco:CharacterString>school zones</gco:CharacterString>
                    </mri:keyword>
                    <mri:keyword>
                        <gco:CharacterString>no thru trucks</gco:CharacterString>
                    </mri:keyword>
                    <mri:keyword>
                        <gco:CharacterString>CT</gco:CharacterString>
                    </mri:keyword>
                    <mri:keyword>
                        <gco:CharacterString>parkway restrictions</gco:CharacterString>
                    </mri:keyword>
                    <mri:keyword>
                        <gco:CharacterString>open data</gco:CharacterString>
                    </mri:keyword>
                </mri:MD_Keywords>
            </mri:descriptiveKeywords>
            <mri:descriptiveKeywords>
                <mri:MD_Keywords>
                    <mri:keyword>
                        <gco:CharacterString>Connecticut</gco:CharacterString>
                    </mri:keyword>
                    <mri:keyword>
                        <gco:CharacterString>CTDOT</gco:CharacterString>
                    </mri:keyword>
                    <mri:keyword>
                        <gco:CharacterString>OSTA</gco:CharacterString>
                    </mri:keyword>
                    <mri:keyword>
                        <gco:CharacterString>major traffic generators</gco:CharacterString>
                    </mri:keyword>
                    <mri:keyword>
                        <gco:CharacterString>speed limits</gco:CharacterString>
                    </mri:keyword>
                    <mri:keyword>
                        <gco:CharacterString>school zones</gco:CharacterString>
                    </mri:keyword>
                    <mri:keyword>
                        <gco:CharacterString>no thru trucks</gco:CharacterString>
                    </mri:keyword>
                    <mri:keyword>
                        <gco:CharacterString>CT</gco:CharacterString>
                    </mri:keyword>
                    <mri:keyword>
                        <gco:CharacterString>parkway restrictions</gco:CharacterString>
                    </mri:keyword>
                    <mri:keyword>
                        <gco:CharacterString>open data</gco:CharacterString>
                    </mri:keyword>
                </mri:MD_Keywords>
            </mri:descriptiveKeywords>
            <mri:descriptiveKeywords>
                <mri:MD_Keywords>
                    <mri:keyword>
                        <gco:CharacterString>Connecticut</gco:CharacterString>
                    </mri:keyword>
                    <mri:keyword>
                        <gco:CharacterString>CTDOT</gco:CharacterString>
                    </mri:keyword>
                    <mri:keyword>
                        <gco:CharacterString>OSTA</gco:CharacterString>
                    </mri:keyword>
                    <mri:keyword>
                        <gco:CharacterString>major traffic generators</gco:CharacterString>
                    </mri:keyword>
                    <mri:keyword>
                        <gco:CharacterString>speed limits</gco:CharacterString>
                    </mri:keyword>
                    <mri:keyword>
                        <gco:CharacterString>school zones</gco:CharacterString>
                    </mri:keyword>
                    <mri:keyword>
                        <gco:CharacterString>no thru trucks</gco:CharacterString>
                    </mri:keyword>
                    <mri:keyword>
                        <gco:CharacterString>CT</gco:CharacterString>
                    </mri:keyword>
                    <mri:keyword>
                        <gco:CharacterString>parkway restrictions</gco:CharacterString>
                    </mri:keyword>
                    <mri:keyword>
                        <gco:CharacterString>open data</gco:CharacterString>
                    </mri:keyword>
                </mri:MD_Keywords>
            </mri:descriptiveKeywords>
            <mri:descriptiveKeywords>
                <mri:MD_Keywords>
                    <mri:keyword>
                        <gco:CharacterString>Connecticut</gco:CharacterString>
                    </mri:keyword>
                    <mri:keyword>
                        <gco:CharacterString>CTDOT</gco:CharacterString>
                    </mri:keyword>
                    <mri:keyword>
                        <gco:CharacterString>OSTA</gco:CharacterString>
                    </mri:keyword>
                    <mri:keyword>
                        <gco:CharacterString>major traffic generators</gco:CharacterString>
                    </mri:keyword>
                    <mri:keyword>
                        <gco:CharacterString>speed limits</gco:CharacterString>
                    </mri:keyword>
                    <mri:keyword>
                        <gco:CharacterString>school zones</gco:CharacterString>
                    </mri:keyword>
                    <mri:keyword>
                        <gco:CharacterString>no thru trucks</gco:CharacterString>
                    </mri:keyword>
                    <mri:keyword>
                        <gco:CharacterString>CT</gco:CharacterString>
                    </mri:keyword>
                    <mri:keyword>
                        <gco:CharacterString>parkway restrictions</gco:CharacterString>
                    </mri:keyword>
                    <mri:keyword>
                        <gco:CharacterString>open data</gco:CharacterString>
                    </mri:keyword>
                </mri:MD_Keywords>
            </mri:descriptiveKeywords>
            <mri:descriptiveKeywords>
                <mri:MD_Keywords>
                    <mri:keyword>
                        <gco:CharacterString>Connecticut</gco:CharacterString>
                    </mri:keyword>
                    <mri:keyword>
                        <gco:CharacterString>CTDOT</gco:CharacterString>
                    </mri:keyword>
                    <mri:keyword>
                        <gco:CharacterString>OSTA</gco:CharacterString>
                    </mri:keyword>
                    <mri:keyword>
                        <gco:CharacterString>major traffic generators</gco:CharacterString>
                    </mri:keyword>
                    <mri:keyword>
                        <gco:CharacterString>speed limits</gco:CharacterString>
                    </mri:keyword>
                    <mri:keyword>
                        <gco:CharacterString>school zones</gco:CharacterString>
                    </mri:keyword>
                    <mri:keyword>
                        <gco:CharacterString>no thru trucks</gco:CharacterString>
                    </mri:keyword>
                    <mri:keyword>
                        <gco:CharacterString>CT</gco:CharacterString>
                    </mri:keyword>
                    <mri:keyword>
                        <gco:CharacterString>parkway restrictions</gco:CharacterString>
                    </mri:keyword>
                    <mri:keyword>
                        <gco:CharacterString>open data</gco:CharacterString>
                    </mri:keyword>
                </mri:MD_Keywords>
            </mri:descriptiveKeywords>
            <mri:descriptiveKeywords>
                <mri:MD_Keywords>
                    <mri:keyword>
                        <gco:CharacterString>Connecticut</gco:CharacterString>
                    </mri:keyword>
                    <mri:keyword>
                        <gco:CharacterString>CTDOT</gco:CharacterString>
                    </mri:keyword>
                    <mri:keyword>
                        <gco:CharacterString>OSTA</gco:CharacterString>
                    </mri:keyword>
                    <mri:keyword>
                        <gco:CharacterString>major traffic generators</gco:CharacterString>
                    </mri:keyword>
                    <mri:keyword>
                        <gco:CharacterString>speed limits</gco:CharacterString>
                    </mri:keyword>
                    <mri:keyword>
                        <gco:CharacterString>school zones</gco:CharacterString>
                    </mri:keyword>
                    <mri:keyword>
                        <gco:CharacterString>no thru trucks</gco:CharacterString>
                    </mri:keyword>
                    <mri:keyword>
                        <gco:CharacterString>CT</gco:CharacterString>
                    </mri:keyword>
                    <mri:keyword>
                        <gco:CharacterString>parkway restrictions</gco:CharacterString>
                    </mri:keyword>
                    <mri:keyword>
                        <gco:CharacterString>open data</gco:CharacterString>
                    </mri:keyword>
                </mri:MD_Keywords>
            </mri:descriptiveKeywords>
            <mri:defaultLocale gco:nilReason="missing"/>
        </mri:MD_DataIdentification>
    </mdb:identificationInfo>
</mdb:MD_Metadata>
