<?xml version="1.0" encoding="UTF-8"?><MD_Metadata xmlns:xlink="http://www.w3.org/1999/xlink" xmlns:srv="http://www.isotc211.org/2005/srv" xmlns:gts="http://www.isotc211.org/2005/gts" xmlns:xalan="http://xml.apache.org/xalan" xmlns:gco="http://www.isotc211.org/2005/gco" xmlns:gml="http://www.opengis.net/gml" xmlns:xsi="http://www.w3.org/2001/XMLSchema-instance" xmlns="http://www.isotc211.org/2005/gmd">
    <characterSet>
        <MD_CharacterSetCode codeList="http://www.isotc211.org/2005/resources/Codelist/gmxCodelists.xml#MD_CharacterSetCode" codeListValue="utf8" codeSpace="ISOTC211/19115">utf8</MD_CharacterSetCode>
    </characterSet>
    <hierarchyLevel>
        <MD_ScopeCode codeList="http://www.isotc211.org/2005/resources/Codelist/gmxCodelists.xml#MD_ScopeCode" codeListValue="dataset" codeSpace="ISOTC211/19115">dataset</MD_ScopeCode>
    </hierarchyLevel>
    <hierarchyLevelName>
        <gco:CharacterString>dataset</gco:CharacterString>
    </hierarchyLevelName>
    <contact gco:nilReason="missing"/>
    <dateStamp gco:nilReason="missing"/>
    <metadataStandardName>
        <gco:CharacterString>ISO 19139 Geographic Information - Metadata - Implementation Specification</gco:CharacterString>
    </metadataStandardName>
    <metadataStandardVersion>
        <gco:CharacterString>2007</gco:CharacterString>
    </metadataStandardVersion>
    <identificationInfo>
        <MD_DataIdentification>
            <citation gco:nilReason="missing"/>
            <abstract>
                <gco:CharacterString>Connecticut Roads and Trails is 1:24,000-scale base map data. It depicts the location of all roads and trails published on the USGS topographic quadrangle maps. For base map purposes, use this layer with other 1:24,000-scale base map data such as Hydrography, Railroads, Airports, and Towns. The Roads and Trails layer includes information within Connecticut and is derived from the Roads and Trails Master layer, which includes all road and trail features depicted on all of the U.S. Geological Survey (USGS) 7.5 minute topographic quadrangle maps that cover the State of Connecticut. This layer may be used as a possible data source for other 1:24,000-scale layers having features that should coincide with the roads and trails on the USGS topographic quadrangle maps. Not intended for maps printed at map scales greater or more detailed than 1:24,000 scale (1 inch = 2,000 feet.)

Connecticut Roads and Trails is a 1:24,000-scale, feature-based layer that includes road and trail features on the U.S. Geological Survey (USGS) 7.5 minute topographic quadrangle maps for the State of Connecticut. This layer only includes features located in Connecticut. The layer is based on information from USGS topographic quadrangle maps published between 1969 and 1984 and does not represent the road network in Connecticut at any one particular point in time. The layer does not depict current conditions and excludes many roads that have been built, modified, or removed since the time these topographic quadrangle maps were published. The layer includes Interstate highways, US routes, state routes, local roads, unpaved roads, traffic circles, bridges, cul-de-sacs, trails, etc. It does not include route number, street name,  house address, traffic direction, or traffic volume information for these features. Nor does it represent a complete or current network of hiking trails. Features are linear and represent road centerlines. Attribute information is comprised of codes to cartographically represent (symbolize) road and trail features on a map. This layer was originally published in 1994. The 2005 edition includes the same road features published in 1994, but the attribute information has been slightly modified and made easier to use.</gco:CharacterString>
            </abstract>
            <purpose>
                <gco:CharacterString>Connecticut Roads and Trails is 1:24,000-scale base map data. It depicts the location of all roads and trails published on the USGS topographic quadrangle maps.</gco:CharacterString>
            </purpose>
            <credit>
                <gco:CharacterString>CT DEEP</gco:CharacterString>
            </credit>
            <descriptiveKeywords>
                <MD_Keywords>
                    <keyword>
                        <gco:CharacterString>Transportation</gco:CharacterString>
                    </keyword>
                    <keyword>
                        <gco:CharacterString>Road</gco:CharacterString>
                    </keyword>
                    <keyword>
                        <gco:CharacterString>Trail</gco:CharacterString>
                    </keyword>
                    <keyword>
                        <gco:CharacterString>Highway</gco:CharacterString>
                    </keyword>
                    <keyword>
                        <gco:CharacterString>Street</gco:CharacterString>
                    </keyword>
                    <keyword>
                        <gco:CharacterString>Basemap</gco:CharacterString>
                    </keyword>
                    <keyword>
                        <gco:CharacterString>Digital Line Graph</gco:CharacterString>
                    </keyword>
                    <keyword>
                        <gco:CharacterString>transportation</gco:CharacterString>
                    </keyword>
                    <keyword>
                        <gco:CharacterString>road</gco:CharacterString>
                    </keyword>
                    <keyword>
                        <gco:CharacterString>trail</gco:CharacterString>
                    </keyword>
                    <keyword>
                        <gco:CharacterString>highway</gco:CharacterString>
                    </keyword>
                </MD_Keywords>
            </descriptiveKeywords>
            <descriptiveKeywords>
                <MD_Keywords>
                    <keyword>
                        <gco:CharacterString>Transportation</gco:CharacterString>
                    </keyword>
                    <keyword>
                        <gco:CharacterString>Road</gco:CharacterString>
                    </keyword>
                    <keyword>
                        <gco:CharacterString>Trail</gco:CharacterString>
                    </keyword>
                    <keyword>
                        <gco:CharacterString>Highway</gco:CharacterString>
                    </keyword>
                    <keyword>
                        <gco:CharacterString>Street</gco:CharacterString>
                    </keyword>
                    <keyword>
                        <gco:CharacterString>Basemap</gco:CharacterString>
                    </keyword>
                    <keyword>
                        <gco:CharacterString>Digital Line Graph</gco:CharacterString>
                    </keyword>
                    <keyword>
                        <gco:CharacterString>transportation</gco:CharacterString>
                    </keyword>
                    <keyword>
                        <gco:CharacterString>road</gco:CharacterString>
                    </keyword>
                    <keyword>
                        <gco:CharacterString>trail</gco:CharacterString>
                    </keyword>
                    <keyword>
                        <gco:CharacterString>highway</gco:CharacterString>
                    </keyword>
                </MD_Keywords>
            </descriptiveKeywords>
            <descriptiveKeywords>
                <MD_Keywords>
                    <keyword>
                        <gco:CharacterString>Transportation</gco:CharacterString>
                    </keyword>
                    <keyword>
                        <gco:CharacterString>Road</gco:CharacterString>
                    </keyword>
                    <keyword>
                        <gco:CharacterString>Trail</gco:CharacterString>
                    </keyword>
                    <keyword>
                        <gco:CharacterString>Highway</gco:CharacterString>
                    </keyword>
                    <keyword>
                        <gco:CharacterString>Street</gco:CharacterString>
                    </keyword>
                    <keyword>
                        <gco:CharacterString>Basemap</gco:CharacterString>
                    </keyword>
                    <keyword>
                        <gco:CharacterString>Digital Line Graph</gco:CharacterString>
                    </keyword>
                    <keyword>
                        <gco:CharacterString>transportation</gco:CharacterString>
                    </keyword>
                    <keyword>
                        <gco:CharacterString>road</gco:CharacterString>
                    </keyword>
                    <keyword>
                        <gco:CharacterString>trail</gco:CharacterString>
                    </keyword>
                    <keyword>
                        <gco:CharacterString>highway</gco:CharacterString>
                    </keyword>
                </MD_Keywords>
            </descriptiveKeywords>
            <descriptiveKeywords>
                <MD_Keywords>
                    <keyword>
                        <gco:CharacterString>Transportation</gco:CharacterString>
                    </keyword>
                    <keyword>
                        <gco:CharacterString>Road</gco:CharacterString>
                    </keyword>
                    <keyword>
                        <gco:CharacterString>Trail</gco:CharacterString>
                    </keyword>
                    <keyword>
                        <gco:CharacterString>Highway</gco:CharacterString>
                    </keyword>
                    <keyword>
                        <gco:CharacterString>Street</gco:CharacterString>
                    </keyword>
                    <keyword>
                        <gco:CharacterString>Basemap</gco:CharacterString>
                    </keyword>
                    <keyword>
                        <gco:CharacterString>Digital Line Graph</gco:CharacterString>
                    </keyword>
                    <keyword>
                        <gco:CharacterString>transportation</gco:CharacterString>
                    </keyword>
                    <keyword>
                        <gco:CharacterString>road</gco:CharacterString>
                    </keyword>
                    <keyword>
                        <gco:CharacterString>trail</gco:CharacterString>
                    </keyword>
                    <keyword>
                        <gco:CharacterString>highway</gco:CharacterString>
                    </keyword>
                </MD_Keywords>
            </descriptiveKeywords>
            <descriptiveKeywords>
                <MD_Keywords>
                    <keyword>
                        <gco:CharacterString>Transportation</gco:CharacterString>
                    </keyword>
                    <keyword>
                        <gco:CharacterString>Road</gco:CharacterString>
                    </keyword>
                    <keyword>
                        <gco:CharacterString>Trail</gco:CharacterString>
                    </keyword>
                    <keyword>
                        <gco:CharacterString>Highway</gco:CharacterString>
                    </keyword>
                    <keyword>
                        <gco:CharacterString>Street</gco:CharacterString>
                    </keyword>
                    <keyword>
                        <gco:CharacterString>Basemap</gco:CharacterString>
                    </keyword>
                    <keyword>
                        <gco:CharacterString>Digital Line Graph</gco:CharacterString>
                    </keyword>
                    <keyword>
                        <gco:CharacterString>transportation</gco:CharacterString>
                    </keyword>
                    <keyword>
                        <gco:CharacterString>road</gco:CharacterString>
                    </keyword>
                    <keyword>
                        <gco:CharacterString>trail</gco:CharacterString>
                    </keyword>
                    <keyword>
                        <gco:CharacterString>highway</gco:CharacterString>
                    </keyword>
                </MD_Keywords>
            </descriptiveKeywords>
            <descriptiveKeywords>
                <MD_Keywords>
                    <keyword>
                        <gco:CharacterString>Transportation</gco:CharacterString>
                    </keyword>
                    <keyword>
                        <gco:CharacterString>Road</gco:CharacterString>
                    </keyword>
                    <keyword>
                        <gco:CharacterString>Trail</gco:CharacterString>
                    </keyword>
                    <keyword>
                        <gco:CharacterString>Highway</gco:CharacterString>
                    </keyword>
                    <keyword>
                        <gco:CharacterString>Street</gco:CharacterString>
                    </keyword>
                    <keyword>
                        <gco:CharacterString>Basemap</gco:CharacterString>
                    </keyword>
                    <keyword>
                        <gco:CharacterString>Digital Line Graph</gco:CharacterString>
                    </keyword>
                    <keyword>
                        <gco:CharacterString>transportation</gco:CharacterString>
                    </keyword>
                    <keyword>
                        <gco:CharacterString>road</gco:CharacterString>
                    </keyword>
                    <keyword>
                        <gco:CharacterString>trail</gco:CharacterString>
                    </keyword>
                    <keyword>
                        <gco:CharacterString>highway</gco:CharacterString>
                    </keyword>
                </MD_Keywords>
            </descriptiveKeywords>
            <descriptiveKeywords>
                <MD_Keywords>
                    <keyword>
                        <gco:CharacterString>Transportation</gco:CharacterString>
                    </keyword>
                    <keyword>
                        <gco:CharacterString>Road</gco:CharacterString>
                    </keyword>
                    <keyword>
                        <gco:CharacterString>Trail</gco:CharacterString>
                    </keyword>
                    <keyword>
                        <gco:CharacterString>Highway</gco:CharacterString>
                    </keyword>
                    <keyword>
                        <gco:CharacterString>Street</gco:CharacterString>
                    </keyword>
                    <keyword>
                        <gco:CharacterString>Basemap</gco:CharacterString>
                    </keyword>
                    <keyword>
                        <gco:CharacterString>Digital Line Graph</gco:CharacterString>
                    </keyword>
                    <keyword>
                        <gco:CharacterString>transportation</gco:CharacterString>
                    </keyword>
                    <keyword>
                        <gco:CharacterString>road</gco:CharacterString>
                    </keyword>
                    <keyword>
                        <gco:CharacterString>trail</gco:CharacterString>
                    </keyword>
                    <keyword>
                        <gco:CharacterString>highway</gco:CharacterString>
                    </keyword>
                </MD_Keywords>
            </descriptiveKeywords>
            <descriptiveKeywords>
                <MD_Keywords>
                    <keyword>
                        <gco:CharacterString>Transportation</gco:CharacterString>
                    </keyword>
                    <keyword>
                        <gco:CharacterString>Road</gco:CharacterString>
                    </keyword>
                    <keyword>
                        <gco:CharacterString>Trail</gco:CharacterString>
                    </keyword>
                    <keyword>
                        <gco:CharacterString>Highway</gco:CharacterString>
                    </keyword>
                    <keyword>
                        <gco:CharacterString>Street</gco:CharacterString>
                    </keyword>
                    <keyword>
                        <gco:CharacterString>Basemap</gco:CharacterString>
                    </keyword>
                    <keyword>
                        <gco:CharacterString>Digital Line Graph</gco:CharacterString>
                    </keyword>
                    <keyword>
                        <gco:CharacterString>transportation</gco:CharacterString>
                    </keyword>
                    <keyword>
                        <gco:CharacterString>road</gco:CharacterString>
                    </keyword>
                    <keyword>
                        <gco:CharacterString>trail</gco:CharacterString>
                    </keyword>
                    <keyword>
                        <gco:CharacterString>highway</gco:CharacterString>
                    </keyword>
                </MD_Keywords>
            </descriptiveKeywords>
            <descriptiveKeywords>
                <MD_Keywords>
                    <keyword>
                        <gco:CharacterString>Transportation</gco:CharacterString>
                    </keyword>
                    <keyword>
                        <gco:CharacterString>Road</gco:CharacterString>
                    </keyword>
                    <keyword>
                        <gco:CharacterString>Trail</gco:CharacterString>
                    </keyword>
                    <keyword>
                        <gco:CharacterString>Highway</gco:CharacterString>
                    </keyword>
                    <keyword>
                        <gco:CharacterString>Street</gco:CharacterString>
                    </keyword>
                    <keyword>
                        <gco:CharacterString>Basemap</gco:CharacterString>
                    </keyword>
                    <keyword>
                        <gco:CharacterString>Digital Line Graph</gco:CharacterString>
                    </keyword>
                    <keyword>
                        <gco:CharacterString>transportation</gco:CharacterString>
                    </keyword>
                    <keyword>
                        <gco:CharacterString>road</gco:CharacterString>
                    </keyword>
                    <keyword>
                        <gco:CharacterString>trail</gco:CharacterString>
                    </keyword>
                    <keyword>
                        <gco:CharacterString>highway</gco:CharacterString>
                    </keyword>
                </MD_Keywords>
            </descriptiveKeywords>
            <descriptiveKeywords>
                <MD_Keywords>
                    <keyword>
                        <gco:CharacterString>Transportation</gco:CharacterString>
                    </keyword>
                    <keyword>
                        <gco:CharacterString>Road</gco:CharacterString>
                    </keyword>
                    <keyword>
                        <gco:CharacterString>Trail</gco:CharacterString>
                    </keyword>
                    <keyword>
                        <gco:CharacterString>Highway</gco:CharacterString>
                    </keyword>
                    <keyword>
                        <gco:CharacterString>Street</gco:CharacterString>
                    </keyword>
                    <keyword>
                        <gco:CharacterString>Basemap</gco:CharacterString>
                    </keyword>
                    <keyword>
                        <gco:CharacterString>Digital Line Graph</gco:CharacterString>
                    </keyword>
                    <keyword>
                        <gco:CharacterString>transportation</gco:CharacterString>
                    </keyword>
                    <keyword>
                        <gco:CharacterString>road</gco:CharacterString>
                    </keyword>
                    <keyword>
                        <gco:CharacterString>trail</gco:CharacterString>
                    </keyword>
                    <keyword>
                        <gco:CharacterString>highway</gco:CharacterString>
                    </keyword>
                </MD_Keywords>
            </descriptiveKeywords>
            <descriptiveKeywords>
                <MD_Keywords>
                    <keyword>
                        <gco:CharacterString>Transportation</gco:CharacterString>
                    </keyword>
                    <keyword>
                        <gco:CharacterString>Road</gco:CharacterString>
                    </keyword>
                    <keyword>
                        <gco:CharacterString>Trail</gco:CharacterString>
                    </keyword>
                    <keyword>
                        <gco:CharacterString>Highway</gco:CharacterString>
                    </keyword>
                    <keyword>
                        <gco:CharacterString>Street</gco:CharacterString>
                    </keyword>
                    <keyword>
                        <gco:CharacterString>Basemap</gco:CharacterString>
                    </keyword>
                    <keyword>
                        <gco:CharacterString>Digital Line Graph</gco:CharacterString>
                    </keyword>
                    <keyword>
                        <gco:CharacterString>transportation</gco:CharacterString>
                    </keyword>
                    <keyword>
                        <gco:CharacterString>road</gco:CharacterString>
                    </keyword>
                    <keyword>
                        <gco:CharacterString>trail</gco:CharacterString>
                    </keyword>
                    <keyword>
                        <gco:CharacterString>highway</gco:CharacterString>
                    </keyword>
                </MD_Keywords>
            </descriptiveKeywords>
            <resourceConstraints>
                <MD_Constraints>
                    <useLimitation>
                        <gco:CharacterString>No restrictions or legal prerequisites for using the data. The data is suitable for use at appropriate scale, and is not intended for maps printed at scales greater or more detailed than 1:24,000 scale (1 inch = 2,000 feet). </gco:CharacterString>
                    </useLimitation>
                </MD_Constraints>
            </resourceConstraints>
            <language gco:nilReason="missing"/>
            <characterSet>
                <MD_CharacterSetCode codeList="http://www.isotc211.org/2005/resources/Codelist/gmxCodelists.xml#MD_CharacterSetCode" codeListValue="utf8" codeSpace="ISOTC211/19115">utf8</MD_CharacterSetCode>
            </characterSet>
        </MD_DataIdentification>
    </identificationInfo>
</MD_Metadata>
